{"_type":"export","__export_format":4,"__export_date":"2022-07-29T13:26:45.420Z","__export_source":"insomnia.desktop.app:v2022.4.2","resources":[{"_id":"req_f9384936b5014691bf53a9ede530dfa1","parentId":"wrk_45d824b815824b358f56d0d932b578b8","modified":1654426483202,"created":1650032342344,"url":"http://localhost:8081/subjects","name":"subjects","description":"","method":"GET","body":{},"parameters":[],"headers":[],"authentication":{},"metaSortKey":-1650032342344,"isPrivate":false,"settingStoreCookies":true,"settingSendCookies":true,"settingDisableRenderRequestBody":false,"settingEncodeUrl":true,"settingRebuildPath":true,"settingFollowRedirects":"global","_type":"request"},{"_id":"wrk_45d824b815824b358f56d0d932b578b8","parentId":null,"modified":1650032318195,"created":1649964318077,"name":"schema-registry","description":"","scope":"collection","_type":"workspace"},{"_id":"req_68a33df5a38245e4a3279016f42ad40a","parentId":"wrk_45d824b815824b358f56d0d932b578b8","modified":1650291286847,"created":1650190136021,"url":"http://localhost:8081/subjects/commands-avro-value","name":"subjects-delete","description":"","method":"DELETE","body":{},"parameters":[],"headers":[],"authentication":{},"metaSortKey":-1650023840584.5,"isPrivate":false,"settingStoreCookies":true,"settingSendCookies":true,"settingDisableRenderRequestBody":false,"settingEncodeUrl":true,"settingRebuildPath":true,"settingFollowRedirects":"global","_type":"request"},{"_id":"req_8983dad4cfd14940b8a9312c4c177d32","parentId":"wrk_45d824b815824b358f56d0d932b578b8","modified":1656692458444,"created":1650044756170,"url":"http://localhost:8081/subjects/coffee-orders-sr-value/versions","name":"subjects-version","description":"","method":"GET","body":{},"parameters":[],"headers":[],"authentication":{},"metaSortKey":-1650015338825,"isPrivate":false,"settingStoreCookies":true,"settingSendCookies":true,"settingDisableRenderRequestBody":false,"settingEncodeUrl":true,"settingRebuildPath":true,"settingFollowRedirects":"global","_type":"request"},{"_id":"req_43472ccd2b6342ed87597ad7ff15c564","parentId":"wrk_45d824b815824b358f56d0d932b578b8","modified":1657102235347,"created":1650192216079,"url":"http://localhost:8081/subjects/coffee-orders-sr-value/versions/3/schema","name":"subjects-version-schema","description":"","method":"GET","body":{},"parameters":[],"headers":[],"authentication":{},"metaSortKey":-1650006837065.5,"isPrivate":false,"settingStoreCookies":true,"settingSendCookies":true,"settingDisableRenderRequestBody":false,"settingEncodeUrl":true,"settingRebuildPath":true,"settingFollowRedirects":"global","_type":"request"},{"_id":"req_441807997e844651884bebdef675d139","parentId":"wrk_45d824b815824b358f56d0d932b578b8","modified":1650190061441,"created":1650036505110,"url":"http://localhost:8081/schemas","name":"schemas","description":"","method":"GET","body":{},"parameters":[],"headers":[],"authentication":{},"metaSortKey":-1649998335306,"isPrivate":false,"settingStoreCookies":true,"settingSendCookies":true,"settingDisableRenderRequestBody":false,"settingEncodeUrl":true,"settingRebuildPath":true,"settingFollowRedirects":"global","_type":"request"},{"_id":"req_5058b02b4a25468e8d6960ef5329567c","parentId":"wrk_45d824b815824b358f56d0d932b578b8","modified":1654249704912,"created":1654249704912,"url":"http://localhost:8081/schemas","name":"schemas-versions","description":"","method":"GET","body":{},"parameters":[],"headers":[],"authentication":{},"metaSortKey":-1649994084426.25,"isPrivate":false,"settingStoreCookies":true,"settingSendCookies":true,"settingDisableRenderRequestBody":false,"settingEncodeUrl":true,"settingRebuildPath":true,"settingFollowRedirects":"global","_type":"request"},{"_id":"req_4e7d0edc63964f1e8a91ab170d324adc","parentId":"wrk_45d824b815824b358f56d0d932b578b8","modified":1650190095091,"created":1650190090406,"url":"http://localhost:8081/schemas/types","name":"schemas-types","description":"","method":"GET","body":{},"parameters":[],"headers":[],"authentication":{},"metaSortKey":-1649989833546.5,"isPrivate":false,"settingStoreCookies":true,"settingSendCookies":true,"settingDisableRenderRequestBody":false,"settingEncodeUrl":true,"settingRebuildPath":true,"settingFollowRedirects":"global","_type":"request"},{"_id":"req_15a4593641ff4953ad612517895d7beb","parentId":"wrk_45d824b815824b358f56d0d932b578b8","modified":1654249757916,"created":1650190024187,"url":"http://localhost:8081/schemas/ids/2","name":"schemas-withId","description":"","method":"GET","body":{},"parameters":[],"headers":[],"authentication":{},"metaSortKey":-1649981331787,"isPrivate":false,"settingStoreCookies":true,"settingSendCookies":true,"settingDisableRenderRequestBody":false,"settingEncodeUrl":true,"settingRebuildPath":true,"settingFollowRedirects":"global","_type":"request"},{"_id":"req_e60af3a69443463d975534521f9de3a1","parentId":"wrk_45d824b815824b358f56d0d932b578b8","modified":1654426512979,"created":1650190290519,"url":"http://localhost:8081/config","name":"config","description":"","method":"GET","body":{},"parameters":[],"headers":[],"authentication":{},"metaSortKey":-1649969641867.6875,"isPrivate":false,"settingStoreCookies":true,"settingSendCookies":true,"settingDisableRenderRequestBody":false,"settingEncodeUrl":true,"settingRebuildPath":true,"settingFollowRedirects":"global","_type":"request"},{"_id":"req_75458f5b2d384c639bea58e3517cfdc2","parentId":"wrk_45d824b815824b358f56d0d932b578b8","modified":1657070800445,"created":1657070794843,"url":"http://localhost:8081/config/coffee-orders-sr-value","name":"config-subject-level","description":"","method":"GET","body":{},"parameters":[],"headers":[],"authentication":{},"metaSortKey":-1649969376187.7031,"isPrivate":false,"settingStoreCookies":true,"settingSendCookies":true,"settingDisableRenderRequestBody":false,"settingEncodeUrl":true,"settingRebuildPath":true,"settingFollowRedirects":"global","_type":"request"},{"_id":"req_d46715c507a8440c9376560410599b4b","parentId":"wrk_45d824b815824b358f56d0d932b578b8","modified":1657806577929,"created":1657102151451,"url":"http://localhost:8081/config/coffee-orders-sr-value","name":"config-subject-level-backward","description":"","method":"PUT","body":{"mimeType":"application/json","text":"{\n  \"compatibility\": \"BACKWARD\"\n}\n"},"parameters":[],"headers":[{"name":"Content-Type","value":"application/json","id":"pair_bd883cb3c7b24f6d9d2dda1a940ed726"}],"authentication":{},"metaSortKey":-1649969243347.711,"isPrivate":false,"settingStoreCookies":true,"settingSendCookies":true,"settingDisableRenderRequestBody":false,"settingEncodeUrl":true,"settingRebuildPath":true,"settingFollowRedirects":"global","_type":"request"},{"_id":"req_dcc19e1025474c3a917b9e707f6693d5","parentId":"wrk_45d824b815824b358f56d0d932b578b8","modified":1657719545054,"created":1657719536413,"url":"http://localhost:8081/config/coffee-orders-sr-value","name":"config-subject-level-backward-transitive","description":"","method":"PUT","body":{"mimeType":"application/json","text":"{\n  \"compatibility\": \"BACKWARD_TRANSITIVE\"\n}\n"},"parameters":[],"headers":[{"name":"Content-Type","value":"application/json","id":"pair_bd883cb3c7b24f6d9d2dda1a940ed726"}],"authentication":{},"metaSortKey":-1649969176927.7148,"isPrivate":false,"settingStoreCookies":true,"settingSendCookies":true,"settingDisableRenderRequestBody":false,"settingEncodeUrl":true,"settingRebuildPath":true,"settingFollowRedirects":"global","_type":"request"},{"_id":"req_22bcca696cca4621b78a0bf7d17ca965","parentId":"wrk_45d824b815824b358f56d0d932b578b8","modified":1658742217623,"created":1654426502171,"url":"http://localhost:8081/config/coffee-orders-sr-value","name":"config-subject-level-forward","description":"","method":"PUT","body":{"mimeType":"application/json","text":"{\n  \"compatibility\": \"FORWARD\"\n}\n"},"parameters":[],"headers":[{"name":"Content-Type","value":"application/json","id":"pair_bd883cb3c7b24f6d9d2dda1a940ed726"}],"authentication":{},"metaSortKey":-1649969110507.7188,"isPrivate":false,"settingStoreCookies":true,"settingSendCookies":true,"settingDisableRenderRequestBody":false,"settingEncodeUrl":true,"settingRebuildPath":true,"settingFollowRedirects":"global","_type":"request"},{"_id":"req_3c633c51f2494c7080ef5ff981a61894","parentId":"wrk_45d824b815824b358f56d0d932b578b8","modified":1657790637663,"created":1657719294394,"url":"http://localhost:8081/config/coffee-orders-sr-value","name":"config-subject-level-forward-transitive","description":"","method":"PUT","body":{"mimeType":"application/json","text":"{\n  \"compatibility\": \"FORWARD_TRANSITIVE\"\n}\n"},"parameters":[],"headers":[{"name":"Content-Type","value":"application/json","id":"pair_bd883cb3c7b24f6d9d2dda1a940ed726"}],"authentication":{},"metaSortKey":-1649968977667.7266,"isPrivate":false,"settingStoreCookies":true,"settingSendCookies":true,"settingDisableRenderRequestBody":false,"settingEncodeUrl":true,"settingRebuildPath":true,"settingFollowRedirects":"global","_type":"request"},{"_id":"req_e323ec9eccc24ad39662dafc82f512fd","parentId":"wrk_45d824b815824b358f56d0d932b578b8","modified":1657705069104,"created":1654563895993,"url":"http://localhost:8081/config/coffee-orders-sr-value","name":"config-subject-level-full","description":"","method":"PUT","body":{"mimeType":"application/json","text":"{\n  \"compatibility\": \"FULL\"\n}\n"},"parameters":[],"headers":[{"name":"Content-Type","value":"application/json","id":"pair_bd883cb3c7b24f6d9d2dda1a940ed726"}],"authentication":{},"metaSortKey":-1649968844827.7344,"isPrivate":false,"settingStoreCookies":true,"settingSendCookies":true,"settingDisableRenderRequestBody":false,"settingEncodeUrl":true,"settingRebuildPath":true,"settingFollowRedirects":"global","_type":"request"},{"_id":"req_af4f8c27b702489dbfe5c4f433e186a1","parentId":"wrk_45d824b815824b358f56d0d932b578b8","modified":1658225000477,"created":1658224997820,"url":"http://localhost:8081/config/coffee-orders-sr-value","name":"config-subject-level-none","description":"","method":"PUT","body":{"mimeType":"application/json","text":"{\n  \"compatibility\": \"NONE\"\n}\n"},"parameters":[],"headers":[{"name":"Content-Type","value":"application/json","id":"pair_bd883cb3c7b24f6d9d2dda1a940ed726"}],"authentication":{},"metaSortKey":-1645299802000.8672,"isPrivate":false,"settingStoreCookies":true,"settingSendCookies":true,"settingDisableRenderRequestBody":false,"settingEncodeUrl":true,"settingRebuildPath":true,"settingFollowRedirects":"global","_type":"request"},{"_id":"env_9d7f4d6e71a43862792008b0ee26ef99c3ae5334","parentId":"wrk_45d824b815824b358f56d0d932b578b8","modified":1649964318081,"created":1649964318081,"name":"Base Environment","data":{},"dataPropertyOrder":null,"color":null,"isPrivate":false,"metaSortKey":1649964318081,"_type":"environment"},{"_id":"jar_9d7f4d6e71a43862792008b0ee26ef99c3ae5334","parentId":"wrk_45d824b815824b358f56d0d932b578b8","modified":1649964318083,"created":1649964318083,"name":"Default Jar","cookies":[],"_type":"cookie_jar"},{"_id":"spc_444eeff27d6f490cbe37ae04e413357f","parentId":"wrk_45d824b815824b358f56d0d932b578b8","modified":1649964318078,"created":1649964318078,"fileName":"weather-api","contents":"","contentType":"yaml","_type":"api_spec"}]}